{"mean": [0.49974787666260145, 0.49678212179791886, 0.5001400183036387, 0.5008345011030816, 0.4996395430011454, 0.5035399548768678, 0.4979728048842497, 0.5019557324086343, 0.4948238542704658, 0.49906332720924945, 0.5007485742269886, 0.502455564993248, 0.49775280513652503, 0.5026346506715075, 0.49505848672743463], "scale": [0.29049051440388124, 0.2892528558128279, 0.2868614594273182, 0.2889292789660533, 0.28972754897024466, 0.28894456364275384, 0.2889430047808244, 0.2910930159492111, 0.28871209461879965, 0.2873022573126505, 0.28884110641835414, 0.2858454251515799, 0.290538576304429, 0.2891571597734347, 0.29071342046950316]}